485,11,,,,,,,,,
Time,rHAT,lHAT,RHip,LHip,RKnee,LKnee,RAnkle,LAnkle,RMTP,LMTP
0,85.19755,81.45123,159.2517,144.1102,47.11487,157.0739,131.1488,120.5016,136.0275,143.5631
0.001,85.17518,81.42708,158.4792,144.5404,46.54572,156.9066,130.9126,119.8318,136.0742,144.6211
0.002,85.15144,81.40272,157.7009,144.9713,45.99213,156.7249,130.6766,119.1231,136.12,145.6669
0.003,85.12628,81.37802,156.9169,145.4021,45.45428,156.5279,130.4408,118.3792,136.1649,146.6926
0.004,85.0997,81.35285,156.1271,145.8319,44.93239,156.315,130.2052,117.6041,136.2087,147.6913
0.005,85.07168,81.32704,155.3315,146.2597,44.42665,156.0855,129.9696,116.8023,136.2514,148.657
0.006,85.04223,81.30047,154.5299,146.6848,43.93727,155.8389,129.7342,115.9783,136.2929,149.5842
0.007,85.01137,81.27298,153.7223,147.106,43.46447,155.575,129.499,115.1369,136.3331,150.4679
0.008,84.97915,81.24443,152.9086,147.5226,43.00846,155.2934,129.264,114.2829,136.3719,151.3035
0.009,84.94565,81.21469,152.0888,147.9337,42.56948,154.9941,129.0293,113.4211,136.4092,152.0866
0.01,84.91094,81.18364,151.2629,148.3386,42.14779,154.6771,128.795,112.5564,136.4449,152.8135
0.011,84.87516,81.15115,150.4308,148.7365,41.74366,154.3425,128.5612,111.6935,136.479,153.481
0.012,84.83846,81.11713,149.5927,149.1268,41.35737,153.9907,128.3281,110.8366,136.5114,154.0865
0.013,84.80101,81.0815,148.7485,149.509,40.98925,153.6222,128.0957,109.99,136.5421,154.6286
0.014,84.76302,81.04421,147.8985,149.8829,40.6396,153.2375,127.8643,109.1573,136.5708,155.1061
0.015,84.72473,81.00523,147.0427,150.2483,40.30879,152.8376,127.634,108.3416,136.5977,155.5189
0.016,84.68642,80.96453,146.1815,150.6053,39.99717,152.4232,127.405,107.5457,136.6226,155.8675
0.017,84.64836,80.92215,145.315,150.9539,39.70512,151.9956,127.1774,106.7721,136.6454,156.1526
0.018,84.61088,80.87812,144.4437,151.2947,39.43301,151.5561,126.9516,106.0225,136.6661,156.3757
0.019,84.57429,80.8325,143.5678,151.6283,39.18123,151.1062,126.7275,105.2986,136.6846,156.5384
0.02,84.53895,80.78539,142.6879,151.9553,38.95018,150.6475,126.5056,104.6015,136.701,156.6427
0.021,84.5052,80.73691,141.8044,152.2767,38.74025,150.1817,126.2859,103.9322,136.7151,156.6906
0.022,84.47342,80.68721,140.9177,152.5938,38.55183,149.7109,126.0687,103.2912,136.727,156.6847
0.023,84.44396,80.63646,140.0286,152.9076,38.38531,149.2369,125.8542,102.679,136.7366,156.6272
0.024,84.41718,80.58487,139.1375,153.2197,38.24105,148.7619,125.6426,102.0957,136.744,156.5206
0.025,84.39345,80.53267,138.2451,153.5316,38.11941,148.2879,125.4341,101.5416,136.7493,156.3675
0.026,84.37309,80.48011,137.3522,153.8448,38.02073,147.8173,125.2289,101.0163,136.7524,156.1702
0.027,84.35644,80.42748,136.4595,154.1612,37.94532,147.3521,125.0272,100.5198,136.7534,155.9313
0.028,84.3438,80.37506,135.5677,154.4823,37.89345,146.8946,124.8291,100.0518,136.7524,155.653
0.029,84.33545,80.32318,134.6776,154.8101,37.86536,146.4468,124.6349,99.61181,136.7494,155.3376
0.03,84.33163,80.27218,133.7899,155.1462,37.86124,146.0109,124.4445,99.19946,136.7445,154.9874
0.031,84.33255,80.22242,132.9056,155.4925,37.88124,145.5887,124.2582,98.81425,136.7378,154.6042
0.032,84.33839,80.17423,132.0255,155.8506,37.92545,145.1823,124.076,98.4557,136.7294,154.19
0.033,84.34931,80.12801,131.1503,156.2221,37.99391,144.7932,123.898,98.1233,136.7196,153.7466
0.034,84.36538,80.08411,130.2808,156.6085,38.08661,144.4231,123.724,97.81656,136.7083,153.2756
0.035,84.38668,80.0429,129.418,157.0112,38.20346,144.0733,123.554,97.535,136.6958,152.7785
0.036,84.41322,80.00476,128.5626,157.4315,38.34434,143.745,123.388,97.2782,136.6823,152.2564
0.037,84.44498,79.97004,127.7154,157.8703,38.50903,143.4392,123.2258,97.04578,136.6679,151.7107
0.038,84.4819,79.9391,126.8773,158.3286,38.69728,143.1566,123.0671,96.83741,136.6529,151.1423
0.039,84.52387,79.91229,126.0489,158.807,38.90879,142.8979,122.9117,96.65286,136.6373,150.552
0.04,84.57075,79.88995,125.2311,159.3061,39.14317,142.6635,122.7595,96.49199,136.6215,149.9406
0.041,84.62239,79.8724,124.4247,159.8264,39.40002,142.4536,122.6099,96.35475,136.6055,149.3086
0.042,84.67857,79.85995,123.6303,160.3679,39.67885,142.2684,122.4627,96.24122,136.5896,148.6564
0.043,84.73908,79.8529,122.8488,160.9309,39.97917,142.1078,122.3176,96.1516,136.5739,147.9843
0.044,84.80365,79.85154,122.0808,161.5151,40.30042,141.9717,122.1742,96.08621,136.5585,147.2925
0.045,84.87203,79.85613,121.327,162.1204,40.64202,141.86,122.0321,96.04549,136.5435,146.581
0.046,84.9439,79.86691,120.5881,162.7465,41.00338,141.7725,121.891,96.03003,136.5289,145.8498
0.047,85.01899,79.8841,119.8647,163.393,41.38386,141.7087,121.7506,96.04055,136.5147,145.0988
0.048,85.09695,79.90791,119.1575,164.0594,41.78283,141.6686,121.6105,96.0779,136.5009,144.3278
0.049,85.17749,79.9385,118.467,164.745,42.19965,141.6518,121.4704,96.14307,136.4874,143.5365
0.05,85.26027,79.97604,117.7937,165.4493,42.63366,141.6581,121.3301,96.23716,136.4742,142.7248
0.051,85.34496,80.02065,117.1383,166.1716,43.08421,141.6873,121.1893,96.36138,136.4612,141.8924
0.052,85.43126,80.07243,116.5011,166.9112,43.55067,141.7392,121.0479,96.51706,136.4482,141.0389
0.053,85.51885,80.13145,115.8826,167.6673,44.03242,141.8138,120.9057,96.7056,136.4352,140.1642
0.054,85.60741,80.19774,115.2832,168.4392,44.52884,141.9111,120.7627,96.92845,136.422,139.2682
0.055,85.69667,80.27132,114.7033,169.2262,45.03935,142.0309,120.619,97.18714,136.4085,138.3508
0.056,85.78633,80.35216,114.143,170.0275,45.56339,142.1735,120.4746,97.48319,136.3944,137.4121
0.057,85.87611,80.4402,113.6026,170.8422,46.10043,142.3388,120.3298,97.81816,136.3795,136.4522
0.058,85.96576,80.53534,113.0823,171.6696,46.64994,142.527,120.1848,98.19355,136.3635,135.4715
0.059,86.05501,80.63745,112.582,172.5089,47.21142,142.7382,120.0399,98.61086,136.3462,134.4706
0.06,86.14363,80.74635,112.1018,173.3592,47.78442,142.9725,119.8955,99.07148,136.3274,133.4503
0.061,86.23139,80.86184,111.6415,174.2197,48.36847,143.2302,119.7519,99.57674,136.3066,132.4115
0.062,86.31807,80.98367,111.2009,175.0897,48.96315,143.5111,119.6097,100.1278,136.2837,131.3555
0.063,86.40346,81.11157,110.7799,175.9681,49.56805,143.8154,119.4694,100.7258,136.2583,130.2839
0.064,86.48736,81.24521,110.378,176.8542,50.1828,144.1431,119.3314,101.3715,136.2301,129.1986
0.065,86.56958,81.38427,109.9949,177.7471,50.80703,144.494,119.1964,102.0657,136.1989,128.1016
0.066,86.64995,81.52836,109.6301,178.6459,51.44042,144.8678,119.065,102.8088,136.1642,126.9956
0.067,86.7283,81.67709,109.283,179.5496,52.08267,145.2643,118.9377,103.6009,136.1257,125.8834
0.068,86.80446,81.83005,108.9531,180.4573,52.73347,145.683,118.8153,104.4421,136.0831,124.7684
0.069,86.87827,81.98679,108.6398,181.368,53.39257,146.1232,118.6982,105.332,136.036,123.6542
0.07,86.9496,82.14687,108.3424,182.2807,54.05969,146.5841,118.5872,106.2698,135.9843,122.5449
0.071,87.01828,82.30982,108.0602,183.1944,54.7346,147.0649,118.4826,107.2548,135.9275,121.4448
0.072,87.08418,82.47515,107.7926,184.108,55.41707,147.5644,118.3851,108.2856,135.8655,120.3589
0.073,87.14716,82.64237,107.5387,185.0204,56.10687,148.0812,118.2951,109.3607,135.7981,119.2922
0.074,87.20708,82.81098,107.2979,185.9304,56.80379,148.614,118.213,110.4782,135.7252,118.2503
0.075,87.26381,82.98047,107.0693,186.837,57.50764,149.1611,118.1392,111.6361,135.6468,117.2393
0.076,87.31723,83.15033,106.8522,187.7387,58.21823,149.7207,118.0739,112.8318,135.563,116.2653
0.077,87.3672,83.32005,106.6459,188.6346,58.93538,150.2911,118.0175,114.0626,135.474,115.335
0.078,87.41361,83.4891,106.4495,189.5232,59.65893,150.87,117.97,115.3256,135.38,114.4554
0.079,87.45636,83.65698,106.2623,190.4033,60.3887,151.4554,117.9315,116.6176,135.2814,113.6337
0.08,87.49536,83.82317,106.0836,191.2736,61.12456,152.045,117.9019,117.935,135.1786,112.8775
0.081,87.53051,83.98719,105.9127,192.133,61.86637,152.6365,117.8813,119.2741,135.0722,112.1942
0.082,87.56177,84.14855,105.7488,192.98,62.61398,153.2276,117.8692,120.631,134.9626,111.5918
0.083,87.58909,84.30677,105.5914,193.8135,63.36729,153.8159,117.8656,122.0018,134.8505,111.078
0.084,87.61243,84.46142,105.4399,194.6324,64.12619,154.3989,117.8699,123.3821,134.7364,110.6603
0.085,87.63181,84.61205,105.2938,195.4353,64.89061,154.9742,117.882,124.7677,134.6208,110.3461
0.086,87.64724,84.75826,105.1525,196.2214,65.66048,155.5394,117.9013,126.1542,134.5043,110.1423
0.087,87.65877,84.89967,105.0156,196.9894,66.43576,156.0923,117.9273,127.5371,134.3875,110.055
0.088,87.66648,85.03593,104.8828,197.7384,67.21644,156.6304,117.9595,128.9121,134.2708,110.0896
0.089,87.67047,85.1667,104.7537,198.4675,68.00253,157.1517,117.9974,130.2748,134.1548,110.2502
0.09,87.67086,85.2917,104.6281,199.1759,68.79404,157.6538,118.0403,131.621,134.0399,110.5393
0.091,87.66781,85.41066,104.5058,199.8628,69.59104,158.1348,118.0876,132.9464,133.9268,110.958
0.092,87.6615,85.52334,104.3866,200.5275,70.39362,158.5928,118.1386,134.247,133.8158,111.505
0.093,87.65212,85.62955,104.2706,201.1694,71.20186,159.0257,118.1928,135.5191,133.7073,112.1771
0.094,87.63989,85.7291,104.1576,201.7881,72.0159,159.432,118.2493,136.7588,133.6019,112.9684
0.095,87.62506,85.82187,104.0476,202.383,72.8359,159.8099,118.3077,137.9627,133.4999,113.8709
0.096,87.60787,85.90774,103.9409,202.9538,73.66204,160.1579,118.3671,139.1276,133.4017,114.8737
0.097,87.58859,85.98664,103.8375,203.5001,74.49451,160.4745,118.4271,140.2505,133.3074,115.964
0.098,87.56749,86.05853,103.7376,204.0217,75.33354,160.7583,118.4869,141.3286,133.2175,117.1268
0.099,87.54483,86.12339,103.6415,204.5185,76.17938,161.0081,118.5462,142.3594,133.1319,118.3458
0.1,87.5209,86.18123,103.5493,204.9903,77.03229,161.2227,118.6043,143.3409,133.0509,119.6037
0.101,87.49597,86.23211,103.4616,205.437,77.89254,161.401,118.6608,144.271,132.9743,120.8832
0.102,87.47029,86.27608,103.3786,205.8587,78.76043,161.5421,118.7154,145.1483,132.9022,122.1676
0.103,87.44412,86.31326,103.3007,206.2553,79.63626,161.6452,118.7678,145.9713,132.8343,123.4413
0.104,87.4177,86.34376,103.2284,206.627,80.52034,161.7093,118.8175,146.739,132.7705,124.6908
0.105,87.39124,86.36772,103.1622,206.9738,81.41299,161.7339,118.8646,147.4507,132.7104,125.9049
0.106,87.36495,86.38532,103.1024,207.296,82.31453,161.7185,118.9087,148.106,132.6537,127.0747
0.107,87.339,86.39674,103.0497,207.5937,83.22526,161.6625,118.9499,148.7048,132.5999,128.1937
0.108,87.31356,86.40218,103.0046,207.8672,84.14551,161.5658,118.9881,149.2472,132.5487,129.2575
0.109,87.28875,86.40185,102.9675,208.1167,85.07557,161.4282,119.0234,149.7339,132.4996,130.2635
0.11,87.26469,86.39597,102.9391,208.3426,86.01572,161.2496,119.0558,150.1659,132.4521,131.2104
0.111,87.24146,86.38478,102.9197,208.5452,86.96623,161.0301,119.0854,150.5446,132.4056,132.098
0.112,87.21913,86.36849,102.9099,208.7248,87.92734,160.77,119.1124,150.8715,132.3597,132.9268
0.113,87.19774,86.34737,102.9101,208.8818,88.89926,160.4697,119.1369,151.1489,132.3138,133.6977
0.114,87.17732,86.32164,102.9209,209.0167,89.88216,160.1296,119.1591,151.3792,132.2676,134.4122
0.115,87.15786,86.29156,102.9426,209.1298,90.8762,159.7504,119.1791,151.5649,132.2206,135.0716
0.116,87.13936,86.25737,102.9755,209.2217,91.88148,159.3328,119.1972,151.7089,132.1724,135.6777
0.117,87.12178,86.21931,103.0202,209.2929,92.89806,158.8776,119.2134,151.8144,132.1227,136.2322
0.118,87.10508,86.17764,103.0768,209.3438,93.92597,158.3859,119.228,151.8844,132.0711,136.7371
0.119,87.08919,86.1326,103.1457,209.375,94.96518,157.8586,119.2412,151.9223,132.0175,137.1942
0.12,87.07405,86.08445,103.2271,209.3871,96.01562,157.2969,119.2529,151.9314,131.9618,137.6058
0.121,87.05956,86.03342,103.3211,209.3808,97.07717,156.702,119.2634,151.9149,131.9038,137.9741
0.122,87.04565,85.97977,103.428,209.3565,98.14966,156.0751,119.2727,151.8762,131.8436,138.3015
0.123,87.03221,85.92375,103.5479,209.3151,99.23286,155.4175,119.2807,151.8185,131.7812,138.5905
0.124,87.01914,85.8656,103.6808,209.2571,100.3265,154.7307,119.2877,151.7449,131.7169,138.8436
0.125,87.00634,85.80556,103.8269,209.1833,101.4302,154.016,119.2934,151.6585,131.6507,139.0636
0.126,86.99369,85.74389,103.986,209.0944,102.5436,153.2749,119.2978,151.562,131.583,139.253
0.127,86.98108,85.68081,104.1582,208.991,103.6662,152.5088,119.3008,151.4584,131.514,139.4144
0.128,86.96841,85.61656,104.3434,208.8739,104.7976,151.7191,119.3024,151.3501,131.4442,139.5501
0.129,86.95557,85.55138,104.5414,208.7439,105.9372,150.9074,119.3022,151.2397,131.3739,139.6626
0.13,86.94245,85.4855,104.7522,208.6016,107.0843,150.075,119.3002,151.1292,131.3035,139.754
0.131,86.92895,85.41914,104.9755,208.4478,108.2383,149.2234,119.2961,151.0207,131.2336,139.8263
0.132,86.91499,85.35253,105.2112,208.2833,109.3984,148.3539,119.2897,150.9161,131.1646,139.8812
0.133,86.90048,85.28589,105.4589,208.1087,110.564,147.468,119.2806,150.8167,131.0969,139.9206
0.134,86.88534,85.21941,105.7185,207.9248,111.7342,146.5669,119.2687,150.724,131.0311,139.9458
0.135,86.8695,85.15332,105.9896,207.7324,112.9082,145.6519,119.2538,150.6391,130.9675,139.9582
0.136,86.85289,85.08782,106.2718,207.5319,114.0851,144.7243,119.2355,150.5627,130.9066,139.9591
0.137,86.83547,85.0231,106.5649,207.3243,115.2641,143.7853,119.2136,150.4954,130.8486,139.9496
0.138,86.81719,84.95935,106.8684,207.1101,116.4441,142.836,119.188,150.4376,130.794,139.9308
0.139,86.798,84.89674,107.1819,206.89,117.6243,141.8774,119.1586,150.3895,130.7428,139.9035
0.14,86.7779,84.83546,107.5051,206.6646,118.8038,140.9107,119.1252,150.3509,130.6954,139.8687
0.141,86.75684,84.77566,107.8376,206.4345,119.9816,139.9367,119.0878,150.3217,130.6517,139.8274
0.142,86.73484,84.71751,108.1788,206.2002,121.1568,138.9563,119.0464,150.3012,130.6117,139.7804
0.143,86.71188,84.66113,108.5284,205.9624,122.3285,137.9705,119.0012,150.289,130.5755,139.7285
0.144,86.68797,84.60668,108.886,205.7214,123.4958,136.98,118.9523,150.2841,130.5429,139.6728
0.145,86.66312,84.55428,109.2512,205.4778,124.6579,135.9855,118.8999,150.2858,130.5137,139.6139
0.146,86.63737,84.50404,109.6235,205.2321,125.8138,134.9877,118.8444,150.2931,130.4876,139.5526
0.147,86.61075,84.45607,110.0026,204.9846,126.9627,133.9873,118.7861,150.3047,130.4644,139.4896
0.148,86.58328,84.41046,110.388,204.7357,128.1039,132.9847,118.7254,150.3198,130.4437,139.4257
0.149,86.55503,84.36732,110.7794,204.4858,129.2365,131.9806,118.6629,150.337,130.4252,139.3614
0.15,86.52603,84.3267,111.1765,204.2351,130.3598,130.9753,118.599,150.3552,130.4085,139.2974
0.151,86.49635,84.28868,111.5788,203.9839,131.4731,129.9694,118.5345,150.3732,130.3932,139.2341
0.152,86.46605,84.2533,111.9861,203.7325,132.5756,128.9632,118.4699,150.39,130.3788,139.1721
0.153,86.43518,84.22062,112.398,203.481,133.6667,127.9571,118.406,150.4044,130.365,139.1118
0.154,86.40382,84.19066,112.8142,203.2297,134.7457,126.9513,118.3434,150.4153,130.3512,139.0536
0.155,86.37203,84.16345,113.2344,202.9786,135.812,125.9462,118.283,150.4217,130.337,138.9979
0.156,86.33989,84.13899,113.6583,202.7278,136.8649,124.942,118.2253,150.4228,130.3222,138.945
0.157,86.30744,84.11728,114.0857,202.4774,137.9038,123.9389,118.1713,150.4177,130.3064,138.8951
0.158,86.27476,84.09831,114.5162,202.2274,138.9281,122.9371,118.1215,150.4056,130.2892,138.8486
0.159,86.2419,84.08204,114.9496,201.9778,139.9372,121.9367,118.0767,150.3859,130.2706,138.8055
0.16,86.20892,84.06844,115.3856,201.7286,140.9306,120.938,118.0375,150.358,130.2504,138.766
0.161,86.17586,84.05747,115.8239,201.4797,141.9076,119.941,118.0043,150.3214,130.2285,138.7301
0.162,86.14277,84.04905,116.2643,201.231,142.8675,118.9457,117.9777,150.2757,130.205,138.6979
0.163,86.10968,84.04312,116.7064,200.9824,143.81,117.9524,117.9581,150.2207,130.1799,138.6694
0.164,86.07662,84.0396,117.1501,200.7338,144.7342,116.9611,117.9458,150.156,130.1535,138.6444
0.165,86.04363,84.03841,117.5949,200.4849,145.6398,115.9717,117.941,150.0817,130.126,138.6229
0.166,86.01072,84.03943,118.0407,200.2356,146.5259,114.9844,117.9438,149.9977,130.0975,138.6048
0.167,85.97792,84.04258,118.487,199.9856,147.3921,113.9992,117.9542,149.904,130.0685,138.5898
0.168,85.94522,84.04774,118.9336,199.7348,148.2378,113.0161,117.9722,149.8006,130.0391,138.5779
0.169,85.91265,84.05479,119.3802,199.483,149.0623,112.0351,117.9977,149.6879,130.0097,138.5687
0.17,85.88018,84.06361,119.8265,199.2297,149.865,111.0562,118.0303,149.5659,129.9806,138.5622
0.171,85.84784,84.07406,120.272,198.9748,150.6454,110.0794,118.0699,149.435,129.952,138.5581
0.172,85.81559,84.08602,120.7164,198.718,151.4028,109.1046,118.116,149.2955,129.9243,138.5562
0.173,85.78344,84.09935,121.1595,198.459,152.1368,108.132,118.1682,149.1478,129.8976,138.5562
0.174,85.75137,84.1139,121.6008,198.1975,152.8466,107.1614,118.2262,148.9921,129.8721,138.558
0.175,85.71935,84.12954,122.04,197.9331,153.5319,106.1928,118.2893,148.829,129.8479,138.5613
0.176,85.68737,84.14613,122.4767,197.6656,154.192,105.2262,118.3572,148.6588,129.825,138.5658
0.177,85.6554,84.16351,122.9105,197.3947,154.8264,104.2616,118.4294,148.482,129.8035,138.5713
0.178,85.62342,84.18156,123.3412,197.12,155.4346,103.299,118.5053,148.2989,129.7832,138.5777
0.179,85.5914,84.20012,123.7683,196.8413,156.0163,102.3384,118.5846,148.1101,129.764,138.5846
0.18,85.55932,84.21907,124.1914,196.5583,156.5709,101.3797,118.6667,147.9158,129.7458,138.5921
0.181,85.52715,84.23826,124.6104,196.2706,157.0981,100.4229,118.7515,147.7165,129.7283,138.6
0.182,85.49488,84.25757,125.0247,195.978,157.5976,99.46812,118.8385,147.5126,129.7112,138.6082
0.183,85.46247,84.27686,125.4342,195.6803,158.0689,98.51523,118.9274,147.3043,129.6943,138.6167
0.184,85.4299,84.29601,125.8385,195.377,158.512,97.56428,119.0182,147.0921,129.6772,138.6255
0.185,85.39717,84.31491,126.2374,195.0681,158.9266,96.61529,119.1106,146.8761,129.6595,138.6345
0.186,85.36425,84.33345,126.6307,194.7532,159.3126,95.66828,119.2045,146.6567,129.6409,138.6439
0.187,85.33114,84.35151,127.018,194.4321,159.6698,94.72327,119.2998,146.4342,129.6211,138.6535
0.188,85.29781,84.369,127.3992,194.1047,159.9983,93.78029,119.3966,146.2086,129.5997,138.6635
0.189,85.26428,84.38583,127.7741,193.7706,160.2981,92.83941,119.4949,145.9802,129.5764,138.674
0.19,85.23052,84.40191,128.1427,193.4298,160.5692,91.90066,119.5947,145.7492,129.5509,138.685
0.191,85.19654,84.41716,128.5047,193.082,160.8119,90.96412,119.6959,145.5157,129.523,138.6967
0.192,85.16235,84.43151,128.8601,192.7271,161.0263,90.02985,119.7988,145.2797,129.4923,138.7092
0.193,85.12793,84.44488,129.2089,192.3648,161.2127,89.09794,119.9033,145.0414,129.4588,138.7226
0.194,85.0933,84.45722,129.551,191.9952,161.3715,88.16851,120.0095,144.8008,129.4221,138.7371
0.195,85.05846,84.46848,129.8864,191.6181,161.503,87.24165,120.1175,144.5579,129.3822,138.7528
0.196,85.02343,84.47861,130.2153,191.2333,161.6078,86.31751,120.2273,144.3128,129.3389,138.7698
0.197,84.98823,84.48759,130.5376,190.8407,161.6863,85.39623,120.3389,144.0655,129.2922,138.7882
0.198,84.95286,84.49536,130.8536,190.4404,161.7393,84.47797,120.4523,143.8159,129.2421,138.8081
0.199,84.91734,84.50193,131.1635,190.0322,161.7673,83.5629,120.5675,143.5641,129.1886,138.8295
0.2,84.88171,84.50727,131.4674,189.6162,161.7711,82.65122,120.6845,143.31,129.1319,138.8526
0.201,84.84597,84.51139,131.7656,189.1922,161.7516,81.74313,120.8032,143.0537,129.072,138.8774
0.202,84.81015,84.51428,132.0584,188.7603,161.7096,80.83886,120.9236,142.7952,129.0094,138.9038
0.203,84.77428,84.51595,132.3462,188.3205,161.6461,79.93864,121.0455,142.5345,128.9444,138.932
0.204,84.73839,84.51643,132.6293,187.8727,161.5622,79.04273,121.1688,142.2715,128.8775,138.9618
0.205,84.70251,84.51575,132.9083,187.4171,161.459,78.15138,121.2933,142.0064,128.8095,138.9932
0.206,84.66666,84.51393,133.1835,186.9536,161.3376,77.26488,121.4188,141.7391,128.741,139.0263
0.207,84.63088,84.51102,133.4554,186.4823,161.1993,76.3835,121.5451,141.4697,128.6732,139.0609
0.208,84.59521,84.50706,133.7247,186.0034,161.0453,75.50753,121.6719,141.1983,128.6072,139.0971
0.209,84.55968,84.50211,133.9919,185.5167,160.877,74.63729,121.7988,140.9249,128.5443,139.1347
0.21,84.52433,84.49622,134.2576,185.0225,160.6959,73.77308,121.9254,140.6496,128.486,139.1737
0.211,84.4892,84.48946,134.5224,184.5208,160.5032,72.91521,122.0513,140.3725,128.4341,139.214
0.212,84.45432,84.48188,134.7871,184.0116,160.3005,72.06401,122.1758,140.0938,128.3907,139.2555
0.213,84.41973,84.47355,135.0523,183.4952,160.0892,71.2198,122.2983,139.8135,128.3577,139.2982
0.214,84.38547,84.46454,135.3187,182.9715,159.8709,70.3829,122.418,139.5318,128.3377,139.3418
0.215,84.35157,84.4549,135.587,182.4407,159.6469,69.55366,122.5341,139.2488,128.3332,139.3864
0.216,84.31806,84.4447,135.8579,181.9029,159.4188,68.7324,122.6455,138.9646,128.347,139.4318
0.217,84.28497,84.43399,136.1322,181.3581,159.1879,67.91944,122.7512,138.6795,128.382,139.4779
0.218,84.25233,84.42283,136.4104,180.8064,158.9557,67.11512,122.8499,138.3936,128.4413,139.5246
0.219,84.22015,84.41126,136.6932,180.2479,158.7234,66.31975,122.9402,138.1071,128.5282,139.5718
0.22,84.18845,84.39933,136.9814,179.6827,158.4923,65.53365,123.0205,137.8201,128.6459,139.6195
0.221,84.15723,84.38705,137.2754,179.1107,158.2636,64.75715,123.0893,137.5329,128.798,139.6676
0.222,84.1265,84.37447,137.5758,178.5321,158.0382,63.99053,123.1447,137.2457,128.9878,139.7159
0.223,84.09625,84.36158,137.883,177.9468,157.8172,63.23412,123.1849,136.9586,129.2188,139.7643
0.224,84.06647,84.34839,138.1976,177.3549,157.6013,62.4882,123.2077,136.6718,129.4941,139.8129
0.225,84.03714,84.33489,138.5199,176.7563,157.3912,61.75306,123.2112,136.3856,129.8171,139.8614
0.226,84.00822,84.32104,138.8502,176.151,157.1874,61.02897,123.193,136.1002,130.1904,139.9097
0.227,83.97966,84.30682,139.1885,175.539,156.9901,60.31621,123.1509,135.8157,130.6168,139.9579
0.228,83.95142,84.29217,139.5352,174.92,156.7997,59.61502,123.0827,135.5323,131.0983,140.0058
0.229,83.92342,84.27703,139.8901,174.2942,156.616,58.92565,122.9861,135.2503,131.6365,140.0533
0.23,83.8956,84.26131,140.2532,173.6613,156.4389,58.24834,122.8589,134.9697,132.2323,140.1003
0.231,83.86787,84.24494,140.6243,173.0211,156.268,57.58333,122.699,134.6908,132.8855,140.1468
0.232,83.84014,84.22781,141.0031,172.3736,156.1028,56.93082,122.5044,134.4137,133.5953,140.1927
0.233,83.81231,84.2098,141.3893,171.7185,155.9427,56.29104,122.2735,134.1386,134.3595,140.238
0.234,83.78426,84.1908,141.7824,171.0557,155.7866,55.66417,122.005,133.8655,135.1745,140.2826
0.235,83.75586,84.17067,142.1818,170.3848,155.6338,55.05042,121.6979,133.5947,136.0356,140.3264
0.236,83.72697,84.14927,142.5868,169.7058,155.4831,54.44995,121.3517,133.3262,136.9368,140.3694
0.237,83.69746,84.12646,142.9967,169.0182,155.3333,53.86296,120.9664,133.06,137.8708,140.4115
0.238,83.66715,84.10207,143.4107,168.3219,155.1833,53.2896,120.5426,132.7964,138.8298,140.4527
0.239,83.63588,84.07596,143.8279,167.6166,155.0317,52.73005,120.0814,132.5353,139.8056,140.4928
0.24,83.60348,84.04798,144.2474,166.902,154.8774,52.18446,119.5846,132.2768,140.7896,140.5318
0.241,83.56976,84.01797,144.6681,166.1779,154.719,51.65301,119.0543,132.021,141.7738,140.5697
0.242,83.53453,83.9858,145.089,165.4439,154.5554,51.13587,118.4932,131.7678,142.7502,140.6064
0.243,83.4976,83.95134,145.5092,164.6999,154.3854,50.63322,117.9042,131.5174,143.7112,140.6419
0.244,83.45878,83.91449,145.9275,163.9457,154.2078,50.14525,117.2906,131.2696,144.6496,140.6761
0.245,83.41789,83.87514,146.343,163.1811,154.0217,49.67215,116.6561,131.0246,145.5587,140.709
0.246,83.37474,83.83324,146.7547,162.406,153.826,49.21415,116.0042,130.7823,146.4318,140.7404
0.247,83.32915,83.78875,147.1616,161.6203,153.6198,48.77146,115.339,130.5428,147.2632,140.7705
0.248,83.28095,83.74167,147.5628,160.824,153.4022,48.34435,114.664,130.3061,148.0473,140.7992
0.249,83.23,83.69201,147.9575,160.0171,153.1726,47.93309,113.9833,130.0721,148.7795,140.8265
0.25,83.17616,83.63985,148.3451,159.1999,152.9301,47.53796,113.3004,129.8409,149.456,140.8522
0.251,83.1193,83.58529,148.725,158.3724,152.6743,47.15928,112.6187,129.6125,150.0737,140.8766
0.252,83.05933,83.52847,149.0966,157.535,152.4047,46.7974,111.9416,129.3869,150.6306,140.8994
0.253,82.99617,83.46957,149.4596,156.6881,152.121,46.45268,111.2717,129.1641,151.1253,140.9209
0.254,82.92979,83.40883,149.8139,155.8321,151.8228,46.12551,110.6115,128.9442,151.5574,140.941
0.255,82.86017,83.34651,150.1595,154.9677,151.5102,45.81632,109.9632,128.7271,151.9271,140.9598
0.256,82.78733,83.28291,150.4964,154.0954,151.183,45.52554,109.3285,128.5129,152.235,140.9775
0.257,82.71132,83.21838,150.825,153.2161,150.8415,45.25364,108.7086,128.3016,152.4824,140.994
0.258,82.63224,83.15329,151.1457,152.3305,150.4859,45.00106,108.1046,128.0931,152.6709,141.0096
0.259,82.55019,83.08803,151.4591,151.4396,150.1165,44.76829,107.5173,127.8876,152.8022,141.0244
0.26,82.46534,83.02302,151.7659,150.5443,149.7339,44.5558,106.947,127.685,152.8785,141.0386
0.261,82.37787,82.9587,152.0671,149.6456,149.3387,44.36402,106.3939,127.4852,152.902,141.0525
0.262,82.28799,82.89549,152.3637,148.7445,148.9317,44.19342,105.8581,127.2882,152.8752,141.0663
0.263,82.19595,82.83384,152.6568,147.8422,148.5137,44.04441,105.3395,127.0941,152.8005,141.0804
0.264,82.10205,82.77419,152.9477,146.9397,148.0859,43.91737,104.8379,126.9026,152.6804,141.0951
0.265,82.0066,82.71696,153.2378,146.038,147.6496,43.81268,104.3529,126.7136,152.5175,141.1108
0.266,81.90994,82.66258,153.5285,145.1384,147.206,43.73064,103.8843,126.5271,152.3141,141.1279
0.267,81.81248,82.61145,153.8215,144.2419,146.7568,43.67154,103.4317,126.3428,152.0727,141.1468
0.268,81.71461,82.56396,154.1182,143.3495,146.3034,43.6356,102.9947,126.1605,151.7956,141.1678
0.269,81.6168,82.52045,154.4205,142.4624,145.8478,43.62302,102.5732,125.98,151.4848,141.1914
0.27,81.51952,82.48125,154.7298,141.5815,145.3916,43.6339,102.1668,125.801,151.1423,141.2178
0.271,81.42325,82.44665,155.0479,140.7078,144.9369,43.66834,101.7755,125.6233,150.7699,141.2475
0.272,81.32852,82.4169,155.3765,139.8423,144.4855,43.72633,101.3993,125.4465,150.3692,141.2805
0.273,81.23586,82.39221,155.7169,138.9859,144.0395,43.80784,101.0382,125.2702,149.9415,141.3171
0.274,81.14581,82.37274,156.0708,138.1393,143.6008,43.91278,100.6924,125.0943,149.488,141.3575
0.275,81.05894,82.35862,156.4396,137.3032,143.1713,44.041,100.3623,124.9183,149.0098,141.4018
0.276,80.97581,82.34994,156.8245,136.4785,142.753,44.19229,100.0482,124.742,148.5076,141.45
0.277,80.89698,82.34672,157.2266,135.6658,142.3477,44.36642,99.75089,124.565,147.982,141.5022
0.278,80.82299,82.34896,157.6471,134.8655,141.9571,44.56309,99.47097,124.3872,147.4335,141.5584
0.279,80.75441,82.35661,158.0867,134.0781,141.583,44.78197,99.20933,124.2081,146.8623,141.6183
0.28,80.69176,82.3696,158.5463,133.3042,141.227,45.02269,98.96695,124.0277,146.2685,141.682
0.281,80.63555,82.3878,159.0263,132.5441,140.8906,45.28485,98.74494,123.8457,145.6521,141.7493
0.282,80.58625,82.41105,159.5272,131.7981,140.5752,45.56803,98.54449,123.662,145.0129,141.8198
0.283,80.54432,82.43916,160.0493,131.0665,140.2821,45.87176,98.36688,123.4765,144.3506,141.8934
0.284,80.51016,82.47193,160.5925,130.3494,140.0124,46.19558,98.21348,123.2892,143.6649,141.9696
0.285,80.48415,82.50911,161.1569,129.647,139.7671,46.539,98.0857,123.1,142.9555,142.0483
0.286,80.46662,82.55045,161.7421,128.9594,139.5471,46.90152,97.98497,122.909,142.2218,142.129
0.287,80.45784,82.59568,162.3478,128.2867,139.3531,47.28263,97.91276,122.7164,141.4635,142.2113
0.288,80.45806,82.64451,162.9734,127.6289,139.1856,47.68181,97.87058,122.5223,140.68,142.295
0.289,80.46743,82.69665,163.6182,126.986,139.0452,48.09854,97.85991,122.3269,139.871,142.3795
0.29,80.4861,82.7518,164.2814,126.3579,138.9321,48.5323,97.88223,122.1304,139.0361,142.4646
0.291,80.51411,82.80965,164.9621,125.7444,138.8464,48.98255,97.93902,121.9332,138.175,142.5497
0.292,80.55148,82.8699,165.6593,125.1454,138.7883,49.44876,98.03172,121.7357,137.2873,142.6346
0.293,80.59815,82.93225,166.3718,124.5608,138.7577,49.93038,98.16173,121.5381,136.373,142.7187
0.294,80.65403,82.99639,167.0985,123.9903,138.7545,50.42688,98.33042,121.341,135.4322,142.8017
0.295,80.71895,83.06204,167.8382,123.4336,138.7784,50.93769,98.53905,121.1449,134.4648,142.883
0.296,80.79269,83.1289,168.5897,122.8903,138.8293,51.46228,98.78884,120.9503,133.4714,142.9623
0.297,80.87501,83.1967,169.3516,122.3603,138.9066,52.00009,99.08088,120.7577,132.4524,143.039
0.298,80.9656,83.26517,170.1227,121.8431,139.0102,52.55058,99.41618,120.5677,131.4087,143.1127
0.299,81.06411,83.33408,170.9018,121.3383,139.1395,53.1132,99.7956,120.3808,130.3412,143.183
0.3,81.17014,83.40316,171.6875,120.8455,139.294,53.68739,100.2199,120.1976,129.2514,143.2493
0.301,81.28327,83.47219,172.4787,120.3643,139.4733,54.27261,100.6896,120.0186,128.1407,143.3113
0.302,81.40302,83.54094,173.2741,119.8942,139.6767,54.86832,101.2051,119.8445,127.0111,143.3685
0.303,81.52891,83.60918,174.0726,119.4347,139.9036,55.47397,101.7667,119.6756,125.8649,143.4204
0.304,81.66041,83.67673,174.8728,118.9855,140.1533,56.08903,102.3744,119.5125,124.7044,143.4668
0.305,81.79699,83.74338,175.6738,118.5459,140.4251,56.71298,103.028,119.3555,123.5327,143.5073
0.306,81.93809,83.80895,176.4743,118.1156,140.7182,57.34531,103.7272,119.2051,122.353,143.5416
0.307,82.08317,83.87328,177.2735,117.694,141.0317,57.98551,104.4714,119.0615,121.1688,143.5694
0.308,82.23166,83.93622,178.0702,117.2808,141.3647,58.63311,105.2597,118.9251,119.984,143.5906
0.309,82.38303,83.99763,178.8635,116.8755,141.7162,59.28765,106.0912,118.7961,118.8031,143.6049
0.31,82.5367,84.05739,179.6526,116.4777,142.0851,59.94868,106.9646,118.6745,117.6306,143.6124
0.311,82.69216,84.11541,180.4365,116.0871,142.4704,60.61579,107.8785,118.5607,116.4715,143.613
0.312,82.84886,84.17157,181.2146,115.7033,142.8708,61.28859,108.8311,118.4545,115.331,143.6067
0.313,83.00629,84.22581,181.9859,115.3261,143.285,61.96671,109.8207,118.3562,114.215,143.5937
0.314,83.16394,84.27804,182.7499,114.9551,143.7118,62.64982,110.8451,118.2655,113.1292,143.574
0.315,83.32132,84.32821,183.5057,114.5902,144.1497,63.33762,111.902,118.1826,112.0798,143.548
0.316,83.47795,84.37626,184.2529,114.2311,144.5973,64.02982,112.9892,118.1072,111.0735,143.5156
0.317,83.63336,84.42214,184.9907,113.8777,145.053,64.7262,114.1038,118.0393,110.1169,143.4774
0.318,83.78711,84.46583,185.7186,113.5299,145.5155,65.42652,115.2432,117.9787,109.2168,143.4334
0.319,83.93877,84.50728,186.4361,113.1875,145.983,66.13063,116.4044,117.9252,108.3805,143.3841
0.32,84.08793,84.54649,187.1427,112.8504,146.4541,66.83836,117.5844,117.8786,107.615,143.3297
0.321,84.23418,84.58344,187.8379,112.5188,146.9271,67.5496,118.7799,117.8386,106.9277,143.2706
0.322,84.37716,84.61813,188.5212,112.1925,147.4003,68.26427,119.9877,117.805,106.3257,143.2071
0.323,84.5165,84.65056,189.1924,111.8717,147.8723,68.98232,121.2044,117.7776,105.8161,143.1397
0.324,84.65186,84.68076,189.8509,111.5564,148.3413,69.70373,122.4266,117.7561,105.4058,143.0687
0.325,84.78292,84.70874,190.4966,111.2467,148.8058,70.4285,123.651,117.7401,105.1014,142.9943
0.326,84.90937,84.73453,191.1291,110.9428,149.2643,71.1567,124.874,117.7294,104.9088,142.917
0.327,85.03094,84.75819,191.7481,110.6449,149.7151,71.88841,126.0922,117.7237,104.8335,142.837
0.328,85.14734,84.77976,192.3534,110.3532,150.1568,72.62372,127.3023,117.7229,104.8799,142.7547
0.329,85.25834,84.79931,192.9449,110.0679,150.5878,73.36278,128.5008,117.7265,105.0514,142.6702
0.33,85.3637,84.8169,193.5223,109.7894,151.0068,74.10577,129.6844,117.7343,105.3502,142.5839
0.331,85.46323,84.83261,194.0856,109.5179,151.4124,74.85287,130.8501,117.7461,105.7767,142.4959
0.332,85.55674,84.84654,194.6346,109.2538,151.8031,75.60432,131.9946,117.7617,106.3295,142.4064
0.333,85.64408,84.85878,195.1693,108.9974,152.1776,76.36036,133.1149,117.7809,107.0053,142.3157
0.334,85.72511,84.86943,195.6896,108.7491,152.5346,77.12125,134.2081,117.8033,107.7986,142.2238
0.335,85.79974,84.87863,196.1955,108.5094,152.8729,77.8873,135.2714,117.829,108.7016,142.1308
0.336,85.86788,84.8865,196.687,108.2786,153.1912,78.6588,136.3024,117.8576,109.7045,142.0368
0.337,85.92949,84.89318,197.1641,108.0572,153.4884,79.43607,137.2984,117.889,110.7951,141.9419
0.338,85.98456,84.89881,197.6269,107.8457,153.7632,80.21945,138.2572,117.9231,111.9595,141.8461
0.339,86.03308,84.90357,198.0754,107.6445,154.0146,81.00926,139.1768,117.9598,113.1826,141.7494
0.34,86.07512,84.90759,198.5097,107.4542,154.2415,81.80586,140.0553,117.9988,114.448,141.6517
0.341,86.11074,84.91104,198.9299,107.2751,154.4428,82.60958,140.8911,118.0401,115.739,141.553
0.342,86.14002,84.91409,199.336,107.1078,154.6176,83.42076,141.6828,118.0836,117.0394,141.4533
0.343,86.16311,84.91689,199.7281,106.9526,154.765,84.23973,142.4293,118.1292,118.3334,141.3525
0.344,86.18015,84.9196,200.1063,106.8101,154.884,85.06679,143.1297,118.1766,119.6067,141.2505
0.345,86.1913,84.92235,200.4705,106.6807,154.9738,85.90225,143.7836,118.2259,120.8465,141.1472
0.346,86.19677,84.92528,200.8209,106.5646,155.0337,86.74638,144.3906,118.2767,122.0419,141.0423
0.347,86.19676,84.92853,201.1574,106.4624,155.0629,87.59944,144.9507,118.3291,123.1843,140.9358
0.348,86.1915,84.93221,201.4801,106.3742,155.0609,88.46165,145.4644,118.3829,124.2671,140.8274
0.349,86.18122,84.93642,201.7889,106.3004,155.0269,89.3332,145.9321,118.4378,125.2858,140.717
0.35,86.16619,84.94124,202.0838,106.2413,154.9607,90.21423,146.3549,118.4937,126.2379,140.6043
0.351,86.14667,84.94674,202.3647,106.1969,154.8616,91.10488,146.7339,118.5503,127.1228,140.4893
0.352,86.12292,84.95298,202.6317,106.1675,154.7295,92.00522,147.0706,118.6075,127.9412,140.3717
0.353,86.09524,84.95999,202.8846,106.1531,154.5641,92.91527,147.3668,118.6649,128.6949,140.2514
0.354,86.06391,84.9678,203.1233,106.1538,154.3653,93.83504,147.6243,118.7223,129.387,140.1283
0.355,86.02923,84.9764,203.3479,106.1696,154.1329,94.76446,147.8453,118.7794,130.0207,140.0023
0.356,85.99149,84.98578,203.5582,106.2004,153.8671,95.70344,148.0321,118.8359,130.6,139.8733
0.357,85.95099,84.99591,203.7542,106.2461,153.568,96.65183,148.1872,118.8914,131.1289,139.7415
0.358,85.90804,85.00675,203.9359,106.3065,153.2358,97.60944,148.3132,118.9455,131.6114,139.6068
0.359,85.86294,85.01824,204.1031,106.3815,152.8708,98.57604,148.4126,118.9978,132.0514,139.4692
0.36,85.816,85.03029,204.2559,106.4707,152.4734,99.55134,148.4882,119.0481,132.4528,139.329
0.361,85.7675,85.04284,204.3944,106.574,152.0441,100.535,148.5426,119.0958,132.819,139.1863
0.362,85.71776,85.05577,204.5184,106.691,151.5834,101.5268,148.5784,119.1407,133.1531,139.0414
0.363,85.66707,85.069,204.628,106.8214,151.0919,102.5262,148.5981,119.1822,133.4578,138.8943
0.364,85.6157,85.0824,204.7234,106.9647,150.5704,103.5329,148.6042,119.2202,133.7356,138.7456
0.365,85.56394,85.09587,204.8045,107.1207,150.0195,104.5465,148.5991,119.2541,133.9883,138.5954
0.366,85.51205,85.10927,204.8715,107.2888,149.44,105.5664,148.5848,119.2838,134.2175,138.4441
0.367,85.46031,85.1225,204.9245,107.4686,148.8328,106.5923,148.5634,119.309,134.4247,138.2921
0.368,85.40896,85.13543,204.9638,107.6598,148.1987,107.6236,148.5367,119.3293,134.611,138.1397
0.369,85.35824,85.14794,204.9893,107.8619,147.5386,108.6598,148.5063,119.3445,134.7774,137.9874
0.37,85.30839,85.15992,205.0015,108.0744,146.8535,109.7004,148.4736,119.3546,134.925,137.8354
0.371,85.25962,85.17126,205.0005,108.297,146.1444,110.745,148.4399,119.3593,135.0549,137.6843
0.372,85.21216,85.18185,204.9866,108.5291,145.4122,111.7929,148.4062,119.3586,135.1681,137.5342
0.373,85.16619,85.19161,204.9601,108.7705,144.6579,112.8436,148.3733,119.3525,135.2657,137.3857
0.374,85.12191,85.20045,204.9214,109.0206,143.8826,113.8966,148.3418,119.341,135.3489,137.2389
0.375,85.07949,85.2083,204.8707,109.2792,143.0874,114.9515,148.3124,119.3241,135.4189,137.0943
0.376,85.0391,85.21509,204.8085,109.5458,142.2733,116.0075,148.2852,119.3021,135.477,136.9521
0.377,85.00089,85.22076,204.735,109.8202,141.4414,117.0642,148.2605,119.275,135.5242,136.8124
0.378,84.96499,85.22527,204.6509,110.1018,140.5927,118.1211,148.2384,119.2433,135.5616,136.6755
0.379,84.93153,85.22859,204.5563,110.3906,139.7284,119.1777,148.2188,119.2071,135.5904,136.5416
0.38,84.90063,85.23068,204.4519,110.686,138.8495,120.2334,148.2016,119.167,135.6115,136.4106
0.381,84.87237,85.23152,204.3379,110.988,137.9571,121.2877,148.1865,119.1233,135.6255,136.2828
0.382,84.84685,85.23111,204.2149,111.2961,137.0523,122.3402,148.1732,119.0767,135.6332,136.1579
0.383,84.82412,85.22944,204.0832,111.61,136.136,123.3904,148.1614,119.0276,135.6353,136.036
0.384,84.80426,85.2265,203.9433,111.9297,135.2093,124.4377,148.1505,118.9767,135.6321,135.917
0.385,84.78731,85.22233,203.7957,112.2548,134.2732,125.4817,148.1402,118.9248,135.6243,135.8007
0.386,84.77331,85.21692,203.6406,112.585,133.3287,126.5219,148.1298,118.8725,135.6121,135.6869
0.387,84.76227,85.2103,203.4786,112.9202,132.3766,127.5578,148.1188,118.8205,135.596,135.5753
0.388,84.75421,85.2025,203.3101,113.2602,131.4179,128.589,148.1068,118.7698,135.5763,135.4657
0.389,84.74912,85.19355,203.1353,113.6046,130.4535,129.615,148.093,118.721,135.5534,135.3578
0.39,84.747,85.18348,202.9546,113.9533,129.4841,130.6352,148.077,118.6749,135.5277,135.2513
0.391,84.7478,85.17233,202.7684,114.3061,128.5105,131.6491,148.0582,118.6323,135.4996,135.1459
0.392,84.75151,85.16013,202.577,114.6627,127.5335,132.6562,148.0362,118.5939,135.4696,135.0413
0.393,84.75806,85.14691,202.3806,115.0229,126.5537,133.6559,148.0103,118.5605,135.4381,134.9372
0.394,84.76739,85.13273,202.1794,115.3864,125.5718,134.6477,147.9802,118.5325,135.4057,134.8333
0.395,84.77944,85.11762,201.9738,115.753,124.5884,135.6308,147.9454,118.5107,135.3728,134.7294
0.396,84.79412,85.10161,201.7638,116.1224,123.604,136.6048,147.9056,118.4956,135.34,134.6253
0.397,84.81135,85.08475,201.5497,116.4945,122.619,137.569,147.8606,118.4875,135.3077,134.5209
0.398,84.83101,85.06708,201.3315,116.8688,121.6339,138.5227,147.81,118.4868,135.2762,134.416
0.399,84.85301,85.04864,201.1093,117.2452,120.649,139.4652,147.7537,118.4938,135.2461,134.3105
0.4,84.87723,85.02946,200.8832,117.6234,119.6647,140.3958,147.6916,118.5088,135.2175,134.2044
0.401,84.90354,85.00959,200.6533,118.003,118.6813,141.3139,147.6235,118.5318,135.1908,134.0976
0.402,84.93182,84.98906,200.4195,118.3839,117.6989,142.2187,147.5496,118.5629,135.166,133.9903
0.403,84.96193,84.9679,200.1818,118.7656,116.7177,143.1095,147.4696,118.6019,135.1435,133.8824
0.404,84.99375,84.94614,199.9401,119.148,115.738,143.9856,147.3839,118.6488,135.1232,133.7741
0.405,85.02713,84.92382,199.6944,119.5308,114.7597,144.8463,147.2924,118.7034,135.1052,133.6655
0.406,85.06192,84.90097,199.4446,119.9136,113.7829,145.6909,147.1952,118.7653,135.0897,133.5568
0.407,85.098,84.8776,199.1906,120.2962,112.8076,146.5188,147.0926,118.8343,135.0764,133.4481
0.408,85.13522,84.85375,198.9322,120.6783,111.8339,147.3291,146.9847,118.9099,135.0656,133.3398
0.409,85.17345,84.82944,198.6693,121.0597,110.8617,148.1214,146.8718,118.9917,135.0569,133.232
0.41,85.21253,84.80469,198.4017,121.4401,109.891,148.8948,146.7539,119.0792,135.0505,133.125
0.411,85.25235,84.77952,198.1293,121.8191,108.9217,149.6489,146.6315,119.1719,135.0461,133.019
0.412,85.29276,84.75395,197.8519,122.1967,107.9538,150.3831,146.5048,119.2694,135.0435,132.9143
0.413,85.33365,84.728,197.5694,122.5724,106.9872,151.0967,146.374,119.3711,135.0427,132.8112
0.414,85.37489,84.70168,197.2816,122.9462,106.0218,151.7892,146.2394,119.4765,135.0433,132.7098
0.415,85.41635,84.67502,196.9884,123.3177,105.0576,152.4602,146.1013,119.585,135.045,132.6106
0.416,85.45793,84.64803,196.6896,123.6867,104.0945,153.1092,145.96,119.6963,135.0477,132.5136
0.417,85.49951,84.62072,196.3851,124.053,103.1325,153.7357,145.8156,119.8098,135.0511,132.4193
0.418,85.54099,84.59311,196.0747,124.4164,102.1714,154.3393,145.6685,119.9251,135.0547,132.3277
0.419,85.58228,84.56521,195.7583,124.7767,101.2112,154.9197,145.5189,120.0417,135.0585,132.239
0.42,85.62328,84.53703,195.4358,125.1337,100.2519,155.4766,145.3671,120.1594,135.0619,132.1533
0.421,85.6639,84.50859,195.1071,125.4873,99.29351,156.0096,145.2131,120.2777,135.0648,132.0709
0.422,85.70408,84.4799,194.772,125.8373,98.33587,156.5186,145.0572,120.3964,135.0668,131.9916
0.423,85.74372,84.45096,194.4305,126.1836,97.379,157.0033,144.8996,120.5151,135.0679,131.9155
0.424,85.78276,84.42177,194.0824,126.526,96.42286,157.4636,144.7403,120.6338,135.0677,131.8426
0.425,85.82113,84.39234,193.7276,126.8644,95.46741,157.8995,144.5794,120.7522,135.0661,131.7727
0.426,85.85876,84.36267,193.366,127.1987,94.51265,158.3109,144.4171,120.8701,135.0631,131.7057
0.427,85.89559,84.33275,192.9975,127.529,93.55855,158.6978,144.2533,120.9876,135.0585,131.6414
0.428,85.93155,84.30257,192.6219,127.855,92.6051,159.0603,144.088,121.1044,135.0524,131.5794
0.429,85.9666,84.27211,192.2392,128.1767,91.6523,159.3986,143.9214,121.2207,135.0447,131.5196
0.43,86.00067,84.24138,191.8492,128.4942,90.70015,159.7128,143.7534,121.3364,135.0353,131.4614
0.431,86.03372,84.21034,191.4518,128.8075,89.74866,160.0033,143.5839,121.4517,135.0244,131.4046
0.432,86.0657,84.17899,191.0469,129.1165,88.79787,160.2702,143.4129,121.5665,135.0119,131.3487
0.433,86.09656,84.1473,190.6345,129.4213,87.8478,160.5141,143.2404,121.681,134.998,131.2933
0.434,86.12626,84.11525,190.2143,129.7221,86.8985,160.7353,143.0663,121.7955,134.9829,131.2378
0.435,86.15476,84.08282,189.7863,130.0188,85.95004,160.9343,142.8904,121.9099,134.9666,131.1819
0.436,86.18203,84.04999,189.3504,130.3116,85.00249,161.1116,142.7128,122.0247,134.9495,131.125
0.437,86.20803,84.01674,188.9064,130.6006,84.05594,161.2679,142.5333,122.1398,134.9317,131.0667
0.438,86.23273,83.98305,188.4544,130.8861,83.11051,161.4038,142.3518,122.2557,134.9136,131.0067
0.439,86.25611,83.94889,187.9941,131.168,82.1663,161.5199,142.1682,122.3724,134.8953,130.9446
0.44,86.27815,83.91425,187.5256,131.4467,81.22347,161.6169,141.9825,122.4902,134.8773,130.88
0.441,86.29882,83.87912,187.0488,131.7224,80.28218,161.6956,141.7946,122.6094,134.8596,130.8128
0.442,86.31813,83.84347,186.5635,131.9952,79.34261,161.7567,141.6043,122.7301,134.8427,130.7429
0.443,86.33605,83.80729,186.0697,132.2654,78.40495,161.8011,141.4117,122.8525,134.8269,130.6701
0.444,86.35258,83.77058,185.5674,132.5332,77.46941,161.8295,141.2167,122.9768,134.8124,130.5945
0.445,86.36771,83.73332,185.0565,132.7989,76.53624,161.8428,141.0193,123.1031,134.7994,130.5163
0.446,86.38145,83.6955,184.5369,133.0628,75.60569,161.8419,140.8195,123.2315,134.7883,130.4358
0.447,86.3938,83.65713,184.0087,133.3251,74.67801,161.8276,140.6174,123.362,134.7793,130.3534
0.448,86.40477,83.61819,183.4717,133.5862,73.75351,161.8008,140.4129,123.4948,134.7724,130.2696
0.449,86.41437,83.5787,182.9259,133.8463,72.83248,161.7625,140.2062,123.6296,134.7681,130.1851
0.45,86.42263,83.53866,182.3713,134.1058,71.91524,161.7134,139.9973,123.7663,134.7662,130.1007
0.451,86.42954,83.49808,181.8079,134.3649,71.00212,161.6546,139.7864,123.9049,134.7671,130.0175
0.452,86.43516,83.45698,181.2358,134.6241,70.09348,161.5868,139.5735,124.0449,134.7707,129.9367
0.453,86.43949,83.41537,180.6548,134.8836,69.18968,161.511,139.3589,124.186,134.7772,129.8596
0.454,86.44257,83.37328,180.065,135.1439,68.29108,161.428,139.1426,124.3278,134.7866,129.7878
0.455,86.44443,83.33073,179.4664,135.4052,67.39809,161.3387,138.9249,124.4696,134.7989,129.7231
0.456,86.44511,83.28775,178.8592,135.6679,66.51108,161.244,138.7058,124.6107,134.814,129.6674
0.457,86.44464,83.24438,178.2432,135.9324,65.63046,161.1445,138.4856,124.7504,134.8321,129.6229
0.458,86.44306,83.20064,177.6186,136.199,64.75665,161.0412,138.2644,124.8878,134.853,129.592
0.459,86.44041,83.15659,176.9855,136.4681,63.89005,160.9346,138.0424,125.0216,134.8766,129.5772
0.46,86.43673,83.11226,176.344,136.7401,63.0311,160.8255,137.8199,125.1509,134.9029,129.5811
0.461,86.43206,83.06769,175.6941,137.0153,62.18021,160.7145,137.597,125.2741,134.9318,129.6065
0.462,86.42643,83.02295,175.0359,137.2941,61.33782,160.6023,137.3738,125.3899,134.9632,129.6565
0.463,86.41988,82.97806,174.3697,137.5768,60.50436,160.4892,137.1505,125.4965,134.997,129.7342
0.464,86.41246,82.9331,173.6955,137.8637,59.68024,160.3757,136.9273,125.5923,135.033,129.8427
0.465,86.4042,82.88811,173.0134,138.1551,58.8659,160.2622,136.7043,125.6753,135.0712,129.9853
0.466,86.39515,82.84314,172.3238,138.4514,58.06176,160.1489,136.4816,125.7433,135.1115,130.1654
0.467,86.38533,82.79826,171.6267,138.7529,57.26823,160.0361,136.2594,125.7943,135.1537,130.3863
0.468,86.37479,82.75351,170.9223,139.0597,56.48572,159.9239,136.0377,125.8258,135.1977,130.6514
0.469,86.36355,82.70896,170.2109,139.3722,55.71463,159.8122,135.8165,125.8354,135.2433,130.9639
0.47,86.35165,82.66464,169.4925,139.6905,54.95535,159.7009,135.5961,125.8205,135.2904,131.3268
0.471,86.33911,82.62061,168.7675,140.0148,54.20827,159.5899,135.3763,125.7785,135.3389,131.7429
0.472,86.32596,82.57691,168.036,140.3451,53.47375,159.4787,135.1572,125.7067,135.3885,132.2148
0.473,86.31221,82.53356,167.2982,140.6817,52.75214,159.367,134.9387,125.6023,135.4392,132.7445
0.474,86.29786,82.49061,166.5543,141.0245,52.04378,159.2542,134.7208,125.4627,135.4908,133.3334
0.475,86.28293,82.44807,165.8044,141.3735,51.349,159.1397,134.5036,125.2851,135.543,133.9825
0.476,86.26741,82.40595,165.0489,141.7286,50.66811,159.0226,134.2868,125.0671,135.5958,134.6917
0.477,86.25131,82.36424,164.2877,142.0897,50.0014,158.9023,134.0704,124.8062,135.649,135.4602
0.478,86.23459,82.32295,163.5211,142.4566,49.34915,158.7776,133.8543,124.5004,135.7025,136.2858
0.479,86.21726,82.28205,162.7492,142.8291,48.71162,158.6476,133.6383,124.1478,135.756,137.1652
0.48,86.19929,82.24151,161.9722,143.2068,48.08907,158.5113,133.4223,123.747,135.8096,138.0938
0.481,86.18066,82.20129,161.1901,143.5895,47.48172,158.3675,133.2063,123.2973,135.863,139.0652
0.482,86.16134,82.16134,160.4031,143.9765,46.8898,158.2151,132.9899,122.7984,135.9162,140.0719
0.483,86.14132,82.1216,159.6113,144.3676,46.31351,158.053,132.7732,122.2508,135.9691,141.1048
0.484,86.12056,82.08201,158.8146,144.7621,45.75304,157.8801,132.5559,121.6559,136.0216,142.1545
